CORE_CUSTOMER_ID,STORE,STORE_CITY,STORE_ZIP,NUM_SHOP,MSRNAME
112772389,7004,Phoenix,85001,2,maria castle
112174667,7044,Harrisburg,17101,7,chrystopher blaine fernandes
112591436,7085,Little Rock,72201,,tika allen mercier
114451934,7068,Topeka,66603,,chester packard
113211308,7038,Columbus,43215,,tyreek cormier
118213221,7062,Santa,87501,,tunisha withers
119392887,7074,Austin,78701,15,KYON VARNEY
117700559,7001,Albany,12207,,rani kimball
110147783,7087,Boise,83702,,amalie thurman
114016587,7082,Oklahoma,73102,,hadassa fink
114040071,7026,Honolulu,96813,,tracy mcgill
114203897,7096,Raleigh,27601,,yaneli whited
119079014,7076,Salt Lake City,84111,15,yukari wooten
110384816,7046,Boston,2201,14,kammy sandberg
116975495,7038,Columbus,43215,,huong milan talbott
110978325,7045,Indianapolis,46225,8,mayela swank
114690861,7051,Hartford,6103,,brittain rushing
113174273,7060,Jackson,39205,,larice dolan
113697657,7078,Jefferson,65101,,averill blake
115240940,7074,Austin,78701,,patrizia pippin
114641778,7046,Boston,2201,,berkley j tamez
110137762,7045,Indianapolis,46225,11,morgen fredericks
115015522,7057,Montpelier,5602,3,ROYCE MALACHI WILT
115269211,7097,Sacramento,95814,,jala armendariz
114224079,7004,Phoenix,85001,,faythe eller
111752846,7001,Albany,12207,,lourdes mullins
114938429,7032,Nashville,37219,,banjamin river herrin
112765890,7087,Boise,83702,11,rainbow zamudio
112449981,7085,Little Rock,72201,14,aquil clemente
116388574,7038,Columbus,43215,12,LUCINDA GILLETTE
112788995,7062,Santa,87501,10,jeanise zimmerman
115942213,7044,Harrisburg,17101,,JORDANN CADY
111823703,7050,Salem,97301,,ANALIA FUENTES
118182740,7028,Montgomery,36104,2,keiry mcnamara
116469273,7041,Helena,59623,,
114104260,7045,Indianapolis,46225,4,jacob heaton
118100341,7091,Providence,2903,,sabrina  kruger
115838359,7021,Madison,53703,,SHENANDOAH K DIX
112949814,7075,Dover,19901,,aiesha borja
114622721,7085,Little Rock,72201,9,shakila veal
112959834,7013,Baton,70802,,jehna rousseau
114040061,7001,Albany,12207,14,annais simmons
110848270,7063,Olympia,98507,,DISCOVER CARDMEMBER
111547933,7067,Lincoln,68502,,GILES   CHARLTON
118369226,7049,Tallahassee,32301,,manny jericho hill
119228227,7032,Nashville,37219,,DISCOVER CARDMEMBER
119812551,7026,Honolulu,96813,6,kody solomon
119775756,7078,Jefferson,65101,14,AVNI BARNETT
115435239,7064,Annapolis,21401,12,DEEPAK CALKINS
117800311,7057,Montpelier,5602,,carmilla glover
110668434,7004,Phoenix,85001,,andice madden kilgore
116465824,7064,Annapolis,21401,,khoi rayden demarco
116926199,7028,Montgomery,36104,4,rozanna rico
115076430,7049,Tallahassee,32301,,ELISCIA N CHAVARRIA
111023264,7082,Oklahoma,73102,,JERALD HUDSON MAI
114451093,7026,Honolulu,96813,,LATRESSA R PACHECO
117781340,7068,Topeka,66603,6,larsen kaplan
115878653,7040,Augusta,4330,9,CHASE VISA CARDHOLDER
117706636,7038,Columbus,43215,,tedrick griego
118836413,7040,Augusta,4330,,unknown brian ballesteros
115359762,7026,Honolulu,96813,,akela davian mckinley
112590208,7078,Jefferson,65101,,
118833591,7058,Pierre,57501,,marrissa redding
118973722,7057,Montpelier,5602,,adah bonilla
119499398,7044,Harrisburg,17101,14,roslynn mccormack
117778884,7028,Montgomery,36104,,ai maddox
115485993,7088,Bismarck,58501,,teresha monaghan
119530865,7024,Cheyenne,82001,14,LESLIEANN VUONG
113541653,7063,Olympia,98507,3,lura miles
111883964,7051,Hartford,6103,,shequetta tallman
118661622,7080,Denver,80202,8,sorangel dowd
111374612,7087,Boise,83702,12,KRYSTALE ALONZO
112039291,7055,Juneau,99801,,ALLYN ROY CAI
116639579,7001,Albany,12207,14,kimberlie denney
110525188,7092,Columbia,29217,,MYKA OGDEN
112969185,7007,Concord,3301,,temple grant chavez
117900030,7060,Jackson,39205,,sherquita beau fagan
112581449,7021,Madison,53703,15,DISCOVER CARDMEMBER
113955674,7032,Nashville,37219,,maceo parrish
111390896,7013,Baton,70802,,sharina archie deutsch
112881027,7046,Boston,2201,,KYNDRA HOOKER
112120421,7068,Topeka,66603,,ralph yu
116823307,7097,Sacramento,95814,,valentin keeler
115441442,7065,Springfield,62701,,KATON GEE
118993340,7096,Raleigh,27601,,
119306574,7052,Charleston,25301,,kiet barney
113038253,7051,Hartford,6103,,MARCELLOUS FRENCH
116296799,7057,Montpelier,5602,,VISA CARDHOLDER
116727399,7064,Annapolis,21401,,lamarr pettit
116594866,7021,Madison,53703,12,TIKEISHA AMEZCUA
119924034,7026,Honolulu,96813,13,PARIS BRUMFIELD
119913807,7067,Lincoln,68502,,janeika hardison
113444467,7046,Boston,2201,14,RUI TOMLIN
111056760,7092,Columbia,29217,10,janee whitehead
117885869,7060,Jackson,39205,,ADNREA SCHULZ
119639713,7064,Annapolis,21401,,BILLIE CHANDLER WOLF
110375503,7063,Olympia,98507,2,MARLINDA M CHAMBERLAIN
113481362,7037,Lansing,48933,,javoris laird
115057339,7049,Tallahassee,32301,,naheed bruce warden
116718518,7062,Santa,87501,,yulisa rivas
111386344,7063,Olympia,98507,,teal stone
117935385,7024,Cheyenne,82001,,KENNARD MCGOVERN
118434035,7089,Richmond,23219,,elliot harlan gage
112961268,7065,Springfield,62701,,anik rogers
118360597,7075,Dover,19901,,YUMI BURGER
111995689,7040,Augusta,4330,,jerald e zimmerman
111451932,7067,Lincoln,68502,10,
119374165,7092,Columbia,29217,,
116336966,7061,St. Anne,55102,,brittaney banks
113855823,7089,Richmond,23219,,katheryne mayo
113941409,7064,Annapolis,21401,3,laqueisha norwood
117996535,7015,Des Moines,50309,,brentt proffitt
112264428,7062,Santa,87501,,jannel a quinonez
112584989,7007,Concord,3301,,SHAKEENA MARCEL MATHESON
118710416,7061,St. Anne,55102,7,iyona omar hibbard
116310745,7013,Baton,70802,10,bill sherrod
110149636,7064,Annapolis,21401,,KORY BERLIN
114353473,7055,Juneau,99801,,tyrie a mcdonald
111362082,7080,Denver,80202,,jamika zeke napier
113171197,7049,Tallahassee,32301,,PAGAN TRIPP
111802626,7001,Albany,12207,,deshannon benedict gearhart
115156690,7013,Baton,70802,6,KATRICIA G BOWLING
111934089,7067,Lincoln,68502,,MARQUESE MCCOY EDWARDS
118392252,7074,Austin,78701,13,shanda basham
111157035,7061,St. Anne,55102,2,NAKIETA J RICKETTS
113555326,7085,Little Rock,72201,,kymber milan shearer
114719477,7058,Pierre,57501,,RINDY MCFARLANE
114899627,7060,Jackson,39205,6,lacorey misael hedrick
114365560,7032,Nashville,37219,,kylene goebel
117133298,7055,Juneau,99801,,vianey j sheldon
110796802,7064,Annapolis,21401,,ANSLEY RESENDEZ
118449534,7096,Raleigh,27601,12,melton ahrens
119033373,7055,Juneau,99801,,HANSON BUTTON
119379449,7046,Boston,2201,1,bryson wilder
113753037,7045,Indianapolis,46225,10,CHASE VISA CARDHOLDER
111255748,7083,Atlanta,30303,,juliette d bobo
117597521,7032,Nashville,37219,,
114336715,7050,Salem,97301,,naseem mcmahon
115707961,7088,Bismarck,58501,,shanaz snowden
118983433,7076,Salt Lake City,84111,,jaquita d butcher
119255667,7026,Honolulu,96813,,KEEGAN ELLIS
112603556,7078,Jefferson,65101,,tamir wilbur
112548498,7032,Nashville,37219,,aarika c quintanilla
116339005,7083,Atlanta,30303,,BERNABE ESTRADA
115644752,7078,Jefferson,65101,12,LASHUNDA EDWARD PIERSON
114465812,7058,Pierre,57501,,DISCOVER CARDMEMBER
118607806,7087,Boise,83702,,
116681509,7068,Topeka,66603,,TASHIBA MAYA
116172153,7096,Raleigh,27601,,denver keener
110760331,7088,Bismarck,58501,11,VISA CARDHOLDER
114353641,7044,Harrisburg,17101,,SHANTE CONDE
111617603,7051,Hartford,6103,,earnie idris lowe
112936096,7091,Providence,2903,,CORRINA INGLE
118455051,7089,Richmond,23219,,PETE BRIDGES
110324610,7063,Olympia,98507,12,sharin   bell
111592617,7041,Helena,59623,,VALUED CUSTOMER
118738962,7064,Annapolis,21401,,schneider lima
118779543,7004,Phoenix,85001,,kiera singh
110507561,7087,Boise,83702,14,darchelle tuck
110569186,7045,Indianapolis,46225,,penn griffin
115768865,7026,Honolulu,96813,,manuel dennison
112783876,7082,Oklahoma,73102,6,VALARIE FLYNN LEMON
113684601,7085,Little Rock,72201,1,colton borden
110030578,7044,Harrisburg,17101,3,CHIRAG THATCHER
116632377,7089,Richmond,23219,15,yul rojas
119101420,7038,Columbus,43215,,VALENE MARQUARDT
112114334,7015,Des Moines,50309,,jimena patel
115052250,7051,Hartford,6103,4,cimarron saleh
117114010,7088,Bismarck,58501,,karia tripp galvan
119493717,7040,Augusta,4330,,TRACEE VANCE KINCAID
111774041,7062,Santa,87501,,MARENA R DU
113021171,7087,Boise,83702,,jolly hickey
111102320,7088,Bismarck,58501,2,sydne nall
115941343,7026,Honolulu,96813,,cristela espinosa
117177416,7088,Bismarck,58501,1,shain aguiar
114610479,7080,Denver,80202,8,CHASE VISA CARDHOLDER
116393237,7050,Salem,97301,,ronetta olivo
115537345,7004,Phoenix,85001,,ASHLELY CEDENO
111903036,7092,Columbia,29217,,jolan osman loving
114438580,7061,St. Anne,55102,,VALUED CUSTOMER
114482464,7050,Salem,97301,9,VALUE LINK CTS
117020562,7082,Oklahoma,73102,9,nadine gilliland
116031105,7032,Nashville,37219,6,virgina n rutledge
114675533,7013,Baton,70802,,tamara correia
114155833,7046,Boston,2201,,nygel her
113988058,7087,Boise,83702,,DISCOVER CARDMEMBER
113875015,7083,Atlanta,30303,,barnabas shirk
113240923,7070,Frankfort,40601,,timmy mauricio hudgins
110218615,7064,Annapolis,21401,,marianna hess
117442733,7068,Topeka,66603,,lorrena haines
116048514,7001,Albany,12207,13,TIWANNA AQUINO
115042973,7007,Concord,3301,,QUINTEZ KANE TERAN
118842934,7038,Columbus,43215,,lashawnta garay
112466452,7037,Lansing,48933,,ranardo m levine
110217696,7088,Bismarck,58501,,DENISA L PEEK
114466499,7078,Jefferson,65101,,kateri dustin creech
119739220,7078,Jefferson,65101,,lynsey ace mcduffie
115402558,7004,Phoenix,85001,,krista abel ratcliff
115034367,7063,Olympia,98507,,adia duffy
111378849,7064,Annapolis,21401,,angle leighton hummel
116558564,7046,Boston,2201,,treniece a osuna
116569191,7041,Helena,59623,,raymar s nelson
111280726,7068,Topeka,66603,9,katiejo archer gossett
116400713,7089,Richmond,23219,,byanca shaffer
112285456,7075,Dover,19901,,WAI EMILIO BERNHARDT
117850909,7001,Albany,12207,,lachasity thurman
116573741,7026,Honolulu,96813,10,anibal loomis
114793478,7001,Albany,12207,,leatrice   stover
117390938,7061,St. Anne,55102,,rankin pablo jarrell
115665637,7041,Helena,59623,,avelina azael orlando
115749857,7088,Bismarck,58501,9,terrance kitchen
112792367,7092,Columbia,29217,2,ronaldo westbrook
113192771,7051,Hartford,6103,,sable hendrickson
117032980,7055,Juneau,99801,,JONTUE MATHEWS
111685827,7062,Santa,87501,7,jousha glass
112125999,7082,Oklahoma,73102,,davy a valentine
116577262,7001,Albany,12207,,BOWEN APONTE
119850538,7004,Phoenix,85001,1,secret c tidwell
119472003,7055,Juneau,99801,8,luisana jester
117072277,7065,Springfield,62701,,yalonda wylie
118453946,7076,Salt Lake City,84111,,nathifa pickard
114069001,7061,St. Anne,55102,6,regine arriaga
119946966,7032,Nashville,37219,,matan andersen
118713436,7032,Nashville,37219,,lachasity     wooten
113331290,7091,Providence,2903,,bertina hopson
115632506,7012,Trenton,8608,4,tashonda ponder
115320210,7041,Helena,59623,,harry NIEVES
118618556,7007,Concord,3301,,cheyla carl rowan
117912612,7092,Columbia,29217,5,buford   monahan
114650923,7037,Lansing,48933,,YANIQUE VILLATORO
118471433,7041,Helena,59623,,elwin rupert
115021486,7028,Montgomery,36104,,DARCIE MILO BLANCO
111277452,7078,Jefferson,65101,1,merilee lovett
113183683,7055,Juneau,99801,,tassia lynch
110316775,7052,Charleston,25301,13,DIONICIA BUSH
119142564,7091,Providence,2903,,LAURENCE vickers
117213366,7078,Jefferson,65101,,atavia johns
111867571,7051,Hartford,6103,,meggan darby
118650079,7082,Oklahoma,73102,,JAMORRIS SAVOY
113237706,7041,Helena,59623,,michelene kamari maclean
111046996,7028,Montgomery,36104,,deane fitzsimmons
116412240,7041,Helena,59623,,cathryn braswell
116893416,7096,Raleigh,27601,7,CORENA RICE
115047132,7021,Madison,53703,,nikkole guo
119305305,7067,Lincoln,68502,13,CHASE VISA CARDHOLDER
110805227,7088,Bismarck,58501,,teana rene madden
112151745,7061,St. Anne,55102,,johnston pence
117143434,7068,Topeka,66603,,daryll r lozada
112137195,7041,Helena,59623,9,josuha j starks
115936192,7058,Pierre,57501,,sherrina maier
118168917,7050,Salem,97301,,FORREST AIDAN DARNELL
113547851,7078,Jefferson,65101,,QUISHA M GATEWOOD
111382165,7050,Salem,97301,,jahn silas kirchner
111019074,7013,Baton,70802,3,jezabel ashton
113327457,7058,Pierre,57501,,maliha schaefer
117225907,7083,Atlanta,30303,9,TYRA WAGGONER
110635862,7067,Lincoln,68502,,vi v darling
115935686,7089,Richmond,23219,,jesi a perkins
119238509,7012,Trenton,8608,14,laurene demetrius morrison
114093509,7074,Austin,78701,,doc gabriel wegner
115800919,7070,Frankfort,40601,,maeve martines
115572351,7087,Boise,83702,,CASPER BOUCHARD
118297419,7038,Columbus,43215,,VALUE LINK CTS
110371369,7087,Boise,83702,,tylicia vaughan
112804089,7087,Boise,83702,,kacee ye
113519170,7091,Providence,2903,,
111877057,7061,St. Anne,55102,4,zayne marsh
115557897,7015,Des Moines,50309,,jerid staten
116741777,7045,Indianapolis,46225,,jenne sanches
114309248,7007,Concord,3301,11,JERMAL AHMED HARDY
115259559,7085,Little Rock,72201,,TERRIANN GRIFFIS
112633100,7089,Richmond,23219,,chaneka steiner
110407995,7078,Jefferson,65101,,triston c bond
112951393,7040,Augusta,4330,,ayaka t morrell
117480476,7055,Juneau,99801,,casidy muro
111099453,7075,Dover,19901,15,rivkah cain watters
119673091,7085,Little Rock,72201,13,kinzi t ragland
116822896,7028,Montgomery,36104,,patricio fulton
115635321,7087,Boise,83702,,jameca greene
116285942,7064,Annapolis,21401,,MARGALIT POWELL
116358003,7058,Pierre,57501,,VALUE LINK CTS
119784592,7080,Denver,80202,,tiffanee isaias garman
114582393,7083,Atlanta,30303,10,yaminah mcwilliams
110302290,7078,Jefferson,65101,,lindi howard
116470108,7067,Lincoln,68502,,frankie emmitt smyth
114457125,7057,Montpelier,5602,,efraim westfall
117334146,7080,Denver,80202,6,gilberto timothy rigsby
112252633,7086,Carson,89701,,garbiel hendrickson
114475257,7075,Dover,19901,8,erlinda sadler
118911257,7037,Lansing,48933,,sharifa vu
113038449,7065,Springfield,62701,2,suni halverson
117198639,7060,Jackson,39205,1,arnel macedo
117102609,7089,Richmond,23219,,SHANTIVIA ADONIS STOCK
117631725,7015,Des Moines,50309,1,daryl mosley
113728290,7076,Salt Lake City,84111,12,jehan cruse
119012614,7057,Montpelier,5602,10,ZAYRA OGLESBY
116484640,7076,Salt Lake City,84111,7,lavita goode
112267059,7085,Little Rock,72201,,RAJINDER J LOYA
117195000,7063,Olympia,98507,,THEODORA ALESSANDRO CORNEJO
117335933,7068,Topeka,66603,1,landin coffman
115974544,7057,Montpelier,5602,,rocky tavares
117909484,7037,Lansing,48933,6,kania eck
115509184,7007,Concord,3301,,dillon autry
115047658,7050,Salem,97301,,GROVER ABRAHAM
114638214,7012,Trenton,8608,4,lakeysha koda butterfield
113777574,7087,Boise,83702,,VISA CARDHOLDER
113136440,7050,Salem,97301,,TERREN CHIN
115496562,7082,Oklahoma,73102,,kashara h crites
111651499,7049,Tallahassee,32301,,dionta lundy
118240684,7083,Atlanta,30303,,mattea neil groves
110564255,7082,Oklahoma,73102,,JL ABDI
113157397,7083,Atlanta,30303,,shatika g rodriquez
110961866,7078,Jefferson,65101,,shamika mclean
113002172,7091,Providence,2903,,
114814319,7085,Little Rock,72201,,toua lennon mead
113742119,7044,Harrisburg,17101,3,MYNOR DANNY RUEDA
119880469,7075,Dover,19901,,
112738305,7041,Helena,59623,,lenay o huber
112736871,7089,Richmond,23219,,LAKEYA BROGAN
118266948,7062,Santa,87501,,MARKESHIA ZAVIER JACOBSEN
113917876,7086,Carson,89701,12,falana guffey
114617791,7049,Tallahassee,32301,1,RONEE CHIANG
112853934,7040,Augusta,4330,15,CHING WOODS
110239186,7057,Montpelier,5602,,loni mustafa batts
112100344,7026,Honolulu,96813,,CHASE VISA CARDHOLDER
115438470,7004,Phoenix,85001,,
118185266,7041,Helena,59623,,dayla schneider
110456916,7064,Annapolis,21401,,jerime ernesto kuhns
110998702,7038,Columbus,43215,8,kaiya bigelow
116364648,7080,Denver,80202,,shaune avina
111624799,7044,Harrisburg,17101,,KIMMY MILO CORCORAN
118790294,7074,Austin,78701,,AMEEN G FELTON
118553363,7064,Annapolis,21401,,DONNETTE GEARY
111566432,7091,Providence,2903,,kathrin r dube
115003252,7032,Nashville,37219,,dori manson
110277990,7040,Augusta,4330,8,shahida landen plante
112765913,7086,Carson,89701,,JOHNATON KELVIN GRANGER
110099513,7024,Cheyenne,82001,,teneshia cathey
110017309,7015,Des Moines,50309,,milan thao
116214591,7086,Carson,89701,,darrick larsen
110145794,7089,Richmond,23219,,karan mondragon
116532610,7086,Carson,89701,,ger crenshaw
116538361,7040,Augusta,4330,,ZANDRA DARIEL REINHART
116126497,7028,Montgomery,36104,,
110471450,7013,Baton,70802,,LORRIN CANNON
110394177,7060,Jackson,39205,2,
112549009,7044,Harrisburg,17101,,vidhya christensen
111969128,7082,Oklahoma,73102,,louis woodard
112507789,7021,Madison,53703,,nicolle camden pelletier
112610770,7058,Pierre,57501,,LAVONNA LOGSDON
110958415,7062,Santa,87501,,LASHANDRA RHOADS
110857428,7015,Des Moines,50309,,jacquilyn ford
111343410,7004,Phoenix,85001,13,taralynn tony still
111031092,7097,Sacramento,95814,,carlye gorham
110845524,7092,Columbia,29217,3,kiondra brantley miller
117393676,7058,Pierre,57501,10,karry   reedy
119840714,7007,Concord,3301,12,kyndal banuelos
116489715,7063,Olympia,98507,,BYRANT E JAMIESON
110361518,7067,Lincoln,68502,15,TISA LEHMAN
111557529,7065,Springfield,62701,,CRISSY HERRICK
116494521,7021,Madison,53703,2,ALEXCIA PATRICK
114405570,7024,Cheyenne,82001,8,rothana carter
117163068,7046,Boston,2201,,VISA CARDHOLDER
118184344,7038,Columbus,43215,,atreyu r bledsoe
119315844,7026,Honolulu,96813,,SALIM PINO
116999426,7074,Austin,78701,1,maurilio rene pringle
118325394,7026,Honolulu,96813,,mikhael h simms
114698785,7063,Olympia,98507,,jeanene kasper
114413937,7028,Montgomery,36104,,aldric f michels
112954516,7086,Carson,89701,3,kittie irwin
112936249,7086,Carson,89701,,quron alexander poston
113637586,7038,Columbus,43215,6,jaci donohue
119492300,7004,Phoenix,85001,,lacory remi branham
113419686,7062,Santa,87501,,krieg cassian gaona
113534315,7074,Austin,78701,,JONTHAN JOEL HAMM
111016434,7067,Lincoln,68502,,DISCOVER CARDMEMBER
118251776,7012,Trenton,8608,,MARTA N DUPUIS
111900813,7012,Trenton,8608,,VISA CARDHOLDER
112519927,7040,Augusta,4330,8,anela christenson
115320445,7045,Indianapolis,46225,,BISHOP GUIDRY
116447764,7088,Bismarck,58501,,anahita wakefield
118523177,7050,Salem,97301,,KIRSTON FORSYTH
119331472,7061,St. Anne,55102,13,MAIRE MANZANARES
115123478,7080,Denver,80202,,dameon allan barba
112736105,7058,Pierre,57501,1,jenese i crane
115376180,7091,Providence,2903,,CHASE VISA CARDHOLDER
116979252,7083,Atlanta,30303,,WILLLIAM J DONLEY
111955204,7063,Olympia,98507,,eliceo whitley
119354283,7007,Concord,3301,1,CASSONDRA PERDOMO
115714375,7063,Olympia,98507,10,SHADONNA DELANEY
118029447,7032,Nashville,37219,,FATEN G SOTO
118112601,7038,Columbus,43215,,teisha nair
114380348,7076,Salt Lake City,84111,,sander mai
117078525,7051,Hartford,6103,,nadja nolasco
110629820,7085,Little Rock,72201,13,BRETTON RYLAND SHEPPARD
112552872,7087,Boise,83702,,
114541837,7062,Santa,87501,,sheree m law
116653122,7049,Tallahassee,32301,,meigan mckelvey
115168652,7062,Santa,87501,14,BRITNEE C HOGAN
116720247,7041,Helena,59623,,VALUE LINK CTS
118513080,7021,Madison,53703,2,ceasar temple
113928964,7097,Sacramento,95814,6,dywane rodriguez
114362376,7040,Augusta,4330,4,ferlando batts
112745459,7041,Helena,59623,,SUSANNAH GRACIA
118723975,7024,Cheyenne,82001,,VISA CARDHOLDER
111763298,7046,Boston,2201,,VISA CARDHOLDER
118409108,7063,Olympia,98507,,alicha longoria
118935149,7083,Atlanta,30303,,
113231566,7091,Providence,2903,,kienan burkett
117405678,7080,Denver,80202,,aryeh parris
112911277,7068,Topeka,66603,5,
111149013,7075,Dover,19901,5,RASHEEN WILDER DRAYTON
116202435,7001,Albany,12207,6,shatanya overton
116669571,7080,Denver,80202,,lakishia knapp
119682711,7026,Honolulu,96813,,dia salcido
118143033,7089,Richmond,23219,,SHERI MENESES
114960623,7082,Oklahoma,73102,,CLARIE WATERMAN
113639017,7089,Richmond,23219,,ameena delacruz
119679304,7086,Carson,89701,,shatrice belton
115459664,7051,Hartford,6103,,romelia k holloman
114773351,7097,Sacramento,95814,,makesha mcnabb
115777453,7060,Jackson,39205,,zacary m mcgovern
117586781,7092,Columbia,29217,,hadassa merrill
110486401,7064,Annapolis,21401,11,ante whited
111412761,7078,Jefferson,65101,,KATRINIA T VAUGHT
113913929,7046,Boston,2201,,vanna crawford
118667452,7051,Hartford,6103,11,mikael ari harrington
119663355,7068,Topeka,66603,11,aura driver
114013918,7015,Des Moines,50309,,jacqui lacey
115339362,7065,Springfield,62701,,nita drake
115427948,7068,Topeka,66603,11,jamison layman
110976884,7049,Tallahassee,32301,5,
116158061,7001,Albany,12207,14,deone julien suh
114378145,7091,Providence,2903,,sherea kuehn
112886835,7074,Austin,78701,9,alicha calvin
119499496,7041,Helena,59623,5,SAPNA IBANEZ
112409948,7038,Columbus,43215,4,yalanda eliseo turley
115350245,7041,Helena,59623,,ASIAH THOMSON
113170891,7051,Hartford,6103,,
118377528,7067,Lincoln,68502,13,mena doss
116272997,7096,Raleigh,27601,,INGER WYNNE
118926917,7041,Helena,59623,,leinani posada
117453674,7055,Juneau,99801,,DISCOVER CARDMEMBER
114385417,7021,Madison,53703,,JULIENNE PALUMBO
119892623,7051,Hartford,6103,10,CHASE VISA CARDHOLDER
117225696,7082,Oklahoma,73102,10,VALUE LINK CTS
112585584,7082,Oklahoma,73102,,ASAD PRESTON DYKES
115873575,7001,Albany,12207,15,natalye ruff
114104620,7004,Phoenix,85001,,coleman odom
114547644,7032,Nashville,37219,14,rico meza
115018614,7051,Hartford,6103,,MARYLEE BELCHER
116617441,7028,Montgomery,36104,8,IMANI SHANKS
119349752,7049,Tallahassee,32301,6,TARAANN WHITEHEAD
115322675,7012,Trenton,8608,13,nieshia b borden
114993927,7070,Frankfort,40601,,rod whipple
114794906,7040,Augusta,4330,,EMMIE WESTFALL
119920129,7041,Helena,59623,,rithy rey
115589796,7097,Sacramento,95814,,zaira ruggiero
115596787,7088,Bismarck,58501,10,andreka littlejohn
117778519,7055,Juneau,99801,,feliciana henke
113371557,7076,Salt Lake City,84111,,shahera blank
115156137,7038,Columbus,43215,,GIOVANI DUPREE
118909223,7063,Olympia,98507,,giovanny c reaves
118836098,7001,Albany,12207,,mallery osuna
118007822,7013,Baton,70802,,dulse kaminski
118592017,7007,Concord,3301,,VALUE LINK CTS
114856218,7045,Indianapolis,46225,,ANDRENA J KEENAN
117239799,7080,Denver,80202,,nikesh kylen mendes
118591142,7037,Lansing,48933,10,silvano jayce ledford
119216818,7085,Little Rock,72201,,juventino meyer
113592251,7012,Trenton,8608,,matisha hitchcock
114147369,7028,Montgomery,36104,,CHASE VISA CARDHOLDER
116077391,7086,Carson,89701,,makeya hoffmann
117186009,7088,Bismarck,58501,7,rena reich
114164334,7049,Tallahassee,32301,,vannak j adame
119922298,7024,Cheyenne,82001,1,kiwanna b westphal
114315256,7074,Austin,78701,13,etosha lionel eaton
115582998,7088,Bismarck,58501,,MAGNOLIA GORDON GARNETT
112184034,7065,Springfield,62701,2,chelcie guyton
115705216,7078,Jefferson,65101,,VY CULP
113855179,7086,Carson,89701,,tore montelongo
118826990,7097,Sacramento,95814,6,JAMESROBERT LISTER
119743189,7045,Indianapolis,46225,,consepcion syed
111699616,7075,Dover,19901,,DEANTE DODGE
116812828,7004,Phoenix,85001,,WESTLEY HAIL
111844745,7013,Baton,70802,6,arionne mclaughlin
119811479,7012,Trenton,8608,,MAYME CANAAN URENA
116608375,7063,Olympia,98507,9,shantya rivas
112650937,7083,Atlanta,30303,3,jarod moore
115054602,7087,Boise,83702,5,irais a burrows
114004273,7028,Montgomery,36104,,TENISHA HARGIS
118684774,7092,Columbia,29217,,kiesha bolanos
117662801,7087,Boise,83702,,teresa chu
115190682,7052,Charleston,25301,,
111928180,7055,Juneau,99801,11,falana tuttle
112732759,7024,Cheyenne,82001,,shekita enriquez
119936152,7091,Providence,2903,,
119107198,7064,Annapolis,21401,3,calder longoria
112891649,7088,Bismarck,58501,,
116903472,7060,Jackson,39205,,donal reedy
117606234,7001,Albany,12207,,charlese blaze colwell
111783947,7068,Topeka,66603,,meredith call
114964896,7087,Boise,83702,4,CHRISTINIA ERIK ACKER
117054405,7041,Helena,59623,4,FREDY SHUMAKER
112549525,7051,Hartford,6103,,megumi harden
118415186,7074,Austin,78701,,DAWANNA WOFFORD
111997935,7075,Dover,19901,,deryl reyes
110111574,7050,Salem,97301,,MICHAELIA HAGER
115231165,7064,Annapolis,21401,,obryan mei
111816069,7028,Montgomery,36104,,
110677067,7013,Baton,70802,,anicia pearl
114224048,7021,Madison,53703,,cybil w tate
111292942,7044,Harrisburg,17101,6,leandro brooks betts
113668717,7057,Montpelier,5602,,larue workman
112481503,7062,Santa,87501,,CHASTON D HILLER
118638766,7007,Concord,3301,,cristyn d vest
116090079,7078,Jefferson,65101,,ronda green
114333685,7028,Montgomery,36104,15,montell tracy
113421570,7024,Cheyenne,82001,,
119607662,7049,Tallahassee,32301,4,DINESH KAMARI SEYMOUR
115941056,7087,Boise,83702,,orion bender
118707963,7087,Boise,83702,,MONIC BROWNELL
113977039,7082,Oklahoma,73102,10,sabrine sauer
119701053,7007,Concord,3301,,kameelah ames
111060516,7091,Providence,2903,,chelia higginbotham
110988747,7087,Boise,83702,15,jeriah jaramillo
112234585,7065,Springfield,62701,,hadiyah jacobson
119198259,7061,St. Anne,55102,,emy d everson
112681384,7089,Richmond,23219,,CHASE VISA CARDHOLDER
115249151,7001,Albany,12207,7,averill massey
115036737,7085,Little Rock,72201,,quashawn issac terrell
112918871,7050,Salem,97301,11,punam su
111117494,7089,Richmond,23219,,garrette roby
110859001,7091,Providence,2903,,onika wells timm
116077070,7078,Jefferson,65101,,gabrielle j storm
118315760,7051,Hartford,6103,,CHAI MCREYNOLDS
110959948,7007,Concord,3301,,constance schweitzer
119214402,7041,Helena,59623,,karole a kelso
114908040,7089,Richmond,23219,,laquenta ulises whatley
118064110,7088,Bismarck,58501,,amberli peeples
114487354,7092,Columbia,29217,6,EARNEST BRICKER
113427125,7097,Sacramento,95814,,KRISTIE JARA
112391084,7037,Lansing,48933,11,roshunda nagel
111584937,7032,Nashville,37219,,roberto moulton
113063769,7050,Salem,97301,,chistian mcclain
115413650,7015,Des Moines,50309,,MICHAELJOHN NICO SHANE
117352244,7092,Columbia,29217,5,
114037776,7038,Columbus,43215,9,MEGGI WALLING
119710623,7062,Santa,87501,,KATHARINA CHAVEZ
117250283,7032,Nashville,37219,,tedrick webster
118419074,7092,Columbia,29217,,jennier johan mosher
116580058,7067,Lincoln,68502,,JALEEL WILLARD
114205515,7045,Indianapolis,46225,,zenobia negron
110260955,7078,Jefferson,65101,9,myesha     marks
115966997,7060,Jackson,39205,6,SHOLANDA MARTINI
117412841,7037,Lansing,48933,2,zayne l castro
118025992,7001,Albany,12207,14,dragan jakob lovett
112643143,7083,Atlanta,30303,2,carlissa willoughby
116646951,7058,Pierre,57501,,bj beach
117401431,7088,Bismarck,58501,13,ester hefner
115766034,7026,Honolulu,96813,7,ADEL GILBERTSON
118709289,7065,Springfield,62701,,marissa g hagen
111902339,7052,Charleston,25301,,HARLIN CARSON PEDERSON
112501500,7087,Boise,83702,,brya ameer tilley
115369293,7074,Austin,78701,,MYRLANDE GOODSON
117335817,7068,Topeka,66603,,dimas haugen
116942061,7001,Albany,12207,,sharley e urban
119001709,7028,Montgomery,36104,,LAPORCHE WASHBURN
119841637,7082,Oklahoma,73102,,christophor banuelos
110545881,7041,Helena,59623,,sahara abell
111060516,7091,Providence,2903,,chelia higginbotham
115228105,7075,Dover,19901,8,latorya dario talbert
114124349,7063,Olympia,98507,,raechelle j bertrand
116902869,7065,Springfield,62701,,tiquan roberson
119791379,7080,Denver,80202,11,ISADORE CREED HANNON
111657012,7012,Trenton,8608,1,dewitt mcclain
111309487,7055,Juneau,99801,1,ANNY MOHAMMED
111499923,7087,Boise,83702,,allycia lionel koss
119163467,7050,Salem,97301,15,nevada mccollum
116062878,7041,Helena,59623,,andrw sims
116022695,7012,Trenton,8608,4,ANASTASIOS ZAMBRANO
110261460,7089,Richmond,23219,,antiono stclair
117032112,7068,Topeka,66603,6,LAMEKIA SUAREZ
110691265,7087,Boise,83702,,rasheed wesley
113855344,7060,Jackson,39205,2,dixon allison
110308996,7070,Frankfort,40601,,delonna kolb
114292271,7049,Tallahassee,32301,6,kerryn watt
111454587,7012,Trenton,8608,11,rudy coronel
119983743,7076,Salt Lake City,84111,8,FARID HUTCHENS
111616694,7051,Hartford,6103,14,emiliano prentice
117835639,7062,Santa,87501,7,shakena love
114789712,7013,Baton,70802,,sioban a hammons
118022295,7085,Little Rock,72201,15,PHI HAYES HOANG
116548970,7051,Hartford,6103,,adian bristow
111395922,7038,Columbus,43215,10,carlisa hager
112091131,7063,Olympia,98507,,chauntay kane koch
111098233,7074,Austin,78701,,lashundra garibay
119581191,7065,Springfield,62701,3,KATERINE BERNAL
113289699,7037,Lansing,48933,,adlai gibson
111325233,7064,Annapolis,21401,,chelia jarvis
116095014,7074,Austin,78701,3,VALUED CUSTOMER
110105947,7024,Cheyenne,82001,,lenea weeks
114104163,7050,Salem,97301,11,CATHERINE najera
116422025,7044,Harrisburg,17101,,CHASE VISA CARDHOLDER
110529549,7082,Oklahoma,73102,,talika craig
111706970,7050,Salem,97301,3,arika ridgeway
119120178,7096,Raleigh,27601,,dea j carreon
111710145,7052,Charleston,25301,2,shawnequa doan
113366100,7070,Frankfort,40601,,
113327155,7087,Boise,83702,,cali herndon
119152954,7050,Salem,97301,,dessa spooner
112473680,7050,Salem,97301,,SHERIN A BRUCE
118060691,7061,St. Anne,55102,6,danea patel
114165801,7092,Columbia,29217,,RODNEY CADE
115300958,7049,Tallahassee,32301,3,sekina oh
113807108,7013,Baton,70802,10,holland bynum
119265906,7097,Sacramento,95814,15,ESSIE ELLIS
112963454,7052,Charleston,25301,,sean morrow
113748429,7045,Indianapolis,46225,,demarkus batten
114048137,7004,Phoenix,85001,,DISCOVER CARDMEMBER
114736119,7045,Indianapolis,46225,,ryan stroup
113595037,7055,Juneau,99801,,sampson nesmith
117681317,7088,Bismarck,58501,10,kaytie lin
113235276,7046,Boston,2201,2,soctt gable
113157565,7051,Hartford,6103,,jacqualin israel mowery
112825433,7075,Dover,19901,,cleveland grant phung
116864698,7013,Baton,70802,,bernice carvajal
118118136,7001,Albany,12207,,stefen tripp whitaker
119046271,7012,Trenton,8608,6,samika j scully
116640707,7058,Pierre,57501,,ANGLE WORTH
111140989,7040,Augusta,4330,,JOHNWILLIAM LUKAS GILMORE
117363104,7049,Tallahassee,32301,,makita usher
114267546,7037,Lansing,48933,,aubrea eller
119911312,7065,Springfield,62701,2,jai briggs
111354205,7088,Bismarck,58501,10,koron schweitzer
112088226,7076,Salt Lake City,84111,3,
117204409,7085,Little Rock,72201,14,VALUED CUSTOMER
118889168,7096,Raleigh,27601,,felisha erickson
110511129,7064,Annapolis,21401,,diahann whitlock
111557786,7068,Topeka,66603,,wael michaud
117997655,7001,Albany,12207,11,marek zink
119264191,7021,Madison,53703,14,FRANCO BADER
112732413,7015,Des Moines,50309,,shastina becker
110998702,7038,Columbus,43215,8,kaiya bigelow
115092225,7076,Salt Lake City,84111,,sherly brayden schmid
114351188,7068,Topeka,66603,9,jackielyn d nesbitt
113086557,7051,Hartford,6103,10,chace furman
112344452,7004,Phoenix,85001,,carole s hanley
113490852,7091,Providence,2903,14,ORLANDO L KINDER
117568127,7026,Honolulu,96813,,desteny yusuf mccabe
114510058,7032,Nashville,37219,6,ALXIS HAGGARD
118975989,7074,Austin,78701,2,denny conway
119583483,7024,Cheyenne,82001,,valeri leroy john
112442862,7092,Columbia,29217,14,candido emerson willard
119699210,7032,Nashville,37219,12,tomisha reeder
114277355,7089,Richmond,23219,,callee ali
112447026,7001,Albany,12207,4,lelsie carman
113485549,7080,Denver,80202,,JEDD HICKEY
117946378,7038,Columbus,43215,,SHAWNEEN CHOE
118887658,7062,Santa,87501,,DISCOVER CARDMEMBER
113368916,7007,Concord,3301,,sharnell schrock
116978714,7055,Juneau,99801,,lynsi barrows
110319437,7055,Juneau,99801,,tamella dupree
116294726,7091,Providence,2903,,BURTON MCMILLIAN
119734963,7061,St. Anne,55102,,gaylen koenig
114692591,7086,Carson,89701,,kimberleigh briggs radford
111248382,7089,Richmond,23219,,angelamarie hank melgar
112820052,7038,Columbus,43215,,noell trotter
114475610,7097,Sacramento,95814,,artur west
113768747,7045,Indianapolis,46225,,maygan bannister
113363723,7049,Tallahassee,32301,,susann abbott
110096901,7041,Helena,59623,,delane malcolm
114970739,7012,Trenton,8608,,vimal wills
117559372,7061,St. Anne,55102,,JUNITA YEUNG
117292247,7080,Denver,80202,,starr brayan saxton
117031759,7021,Madison,53703,,HANA KOVACH
112763850,7086,Carson,89701,,terell stclair
116155199,7015,Des Moines,50309,,paige matos
113126366,7028,Montgomery,36104,,ayaka crane
113446260,7075,Dover,19901,,mariaelena leland salem
115655958,7092,Columbia,29217,,SHEDRICK BAKER
110708115,7012,Trenton,8608,,daena jameson kunz
115833707,7001,Albany,12207,,JOSE BOWENS
118152599,7044,Harrisburg,17101,8,CASIDY KRAEMER
115207322,7041,Helena,59623,,carmelle chamberlain
115278013,7065,Springfield,62701,,CHASE VISA CARDHOLDER
116987450,7083,Atlanta,30303,4,shuan s batista
113346449,7097,Sacramento,95814,,emil lavoie
113710917,7089,Richmond,23219,,CHRISTIAAN CHRISTOPHER
113335748,7060,Jackson,39205,2,courteny park
119688789,7038,Columbus,43215,,rollie bernhardt
113247059,7041,Helena,59623,,lisanne street
116791921,7058,Pierre,57501,,tieara card
115422403,7007,Concord,3301,,AUDELIA MATHENY
118157130,7045,Indianapolis,46225,,amando prince reuter
110890852,7052,Charleston,25301,,trevell xu
113409070,7086,Carson,89701,,VALUE LINK CTS
117143936,7013,Baton,70802,,jerimie lincoln sprague
110034726,7085,Little Rock,72201,,kalla kohl
114978985,7058,Pierre,57501,,johnathn fowler
119678539,7041,Helena,59623,13,CHAISE RITTER
110829036,7061,St. Anne,55102,,JETT ALAN CAO
116480567,7092,Columbia,29217,3,matias memphis lake
111096686,7089,Richmond,23219,,christiaan vigil
112307104,7082,Oklahoma,73102,,jasen heck
119172976,7045,Indianapolis,46225,12,kayliegh alejandro lombardo
119739673,7091,Providence,2903,,
116462006,7057,Montpelier,5602,,jenette stoner
114718190,7085,Little Rock,72201,,asad mohamed
111970598,7046,Boston,2201,11,LYNETT  HAMMOCK
119455548,7074,Austin,78701,,patrisia cavazos
116525628,7012,Trenton,8608,10,SHEVON     COLLADO
117739298,7075,Dover,19901,,
110387999,7075,Dover,19901,1,kemeshia stacy
118457608,7078,Jefferson,65101,,stirling corona
114850695,7088,Bismarck,58501,,ginnette k sosa
119100280,7001,Albany,12207,,johnson baum
115675825,7065,Springfield,62701,,
111447169,7032,Nashville,37219,,khadija simon
117895760,7063,Olympia,98507,,
112671722,7062,Santa,87501,11,millie sullivan henry
118732871,7044,Harrisburg,17101,7,CHESNEY WILDER FERREIRA
112005891,7032,Nashville,37219,1,LEANDRO CASEY
118557177,7024,Cheyenne,82001,,zoey lipscomb
112350624,7082,Oklahoma,73102,,valerio rivero
119663560,7080,Denver,80202,,LENETTE GRIFFITHS
117361436,7050,Salem,97301,,ANIBAL R RAUCH
117427240,7046,Boston,2201,,SHEREEN OSIRIS HUTSON
117738858,7076,Salt Lake City,84111,,PEYTON MCMULLEN
112160531,7068,Topeka,66603,,estefani tam
115783688,7074,Austin,78701,,kailey aldrich
112939195,7096,Raleigh,27601,,kevin blaze huffman
114492434,7097,Sacramento,95814,4,shantil medina
112092835,7080,Denver,80202,,RAMERO K BUSCH
119733047,7007,Concord,3301,6,kanitha loper
111892651,7089,Richmond,23219,12,roneka bayer
110349990,7024,Cheyenne,82001,,jeri pollock
117097880,7096,Raleigh,27601,14, VALUE LINK CTS 
118379026,7040,Augusta,4330,,
116598342,7068,Topeka,66603,,chico dix
118948822,7057,Montpelier,5602,3,LEAHA TRAVIS
110593645,7024,Cheyenne,82001,12,danamarie england
116898941,7060,Jackson,39205,11,laneisha howard
111332322,7061,St. Anne,55102,15,keldrick moulton
111075421,7051,Hartford,6103,,markice azael bliss
110151128,7001,Albany,12207,,deshae leiva
119897649,7063,Olympia,98507,,elayne matthias deguzman
114381159,7038,Columbus,43215,,jennyfer tavarez
115150499,7089,Richmond,23219,10,kirbie koehn
114395063,7091,Providence,2903,5,brigida segura
111309629,7012,Trenton,8608,6,KARTER FRASER
117812419,7012,Trenton,8608,,
112966382,7045,Indianapolis,46225,,male woods
115494439,7055,Juneau,99801,4,CHERA DEACON FRITZ
117004119,7028,Montgomery,36104,,willa brant
113534618,7070,Frankfort,40601,3,joushua shade
114742140,7076,Salt Lake City,84111,,daniels b richey
112454562,7041,Helena,59623,15,
113568754,7080,Denver,80202,1,stephanie pleasant
119583504,7040,Augusta,4330,,chancy a rock
116625826,7092,Columbia,29217,,crandall muller
110728383,7051,Hartford,6103,,chiffon boykin
116316718,7060,Jackson,39205,,moira e ventura
115617605,7076,Salt Lake City,84111,13,nekeisha nash leon
113171463,7032,Nashville,37219,,royal briones
113211671,7067,Lincoln,68502,,crystallynn duke abreu
111896721,7032,Nashville,37219,,
111075141,7061,St. Anne,55102,,elon dorn
110765513,7086,Carson,89701,1,reine k neel
118104860,7012,Trenton,8608,13,larie jonathan mast
115303679,7052,Charleston,25301,9,brandan ignacio amin
111207991,7083,Atlanta,30303,,jacyln h epps
110659660,7089,Richmond,23219,9,DYANNA A BENJAMIN
115845452,7065,Springfield,62701,,trivia holland
116979408,7021,Madison,53703,,CHARISTOPHER CARRASCO
111970789,7046,Boston,2201,,jiles brewer
117087982,7074,Austin,78701,,MARIELLA BRYANT ROBBINS
118040381,7028,Montgomery,36104,,jamaur aquino
111863668,7086,Carson,89701,,ulyses broughton
119714375,7049,Tallahassee,32301,,HEATH EGAN
119732714,7092,Columbia,29217,,VALUE LINK CTS
115330969,7024,Cheyenne,82001,6,isra chambers
114013918,7015,Des Moines,50309,,jacqui lacey
117566539,7063,Olympia,98507,,carman bess
118734105,7013,Baton,70802,3,cacey judd
110974336,7085,Little Rock,72201,,lynnell gilmore
115019968,7083,Atlanta,30303,,shallon jakob grissom
119547592,7052,Charleston,25301,,shanice martins
116774463,7001,Albany,12207,14,kha zink
119161256,7038,Columbus,43215,3,JOCELYN PHELAN
110323528,7085,Little Rock,72201,,VALUED CUSTOMER
111707720,7028,Montgomery,36104,15,whitley pauley
119609232,7058,Pierre,57501,,lamekia tiller
112878229,7086,Carson,89701,4,MYAH J SAM
115751901,7062,Santa,87501,,dex conn
115905097,7037,Lansing,48933,,
112263318,7068,Topeka,66603,,JAMERSON BOWIE
116775210,7041,Helena,59623,,KENIESHA DAVIES
116238719,7078,Jefferson,65101,15,MIKAELA DAMARI ROARK
112890107,7086,Carson,89701,,joshia bailey
115743758,7096,Raleigh,27601,8,herve c moon
112737101,7065,Springfield,62701,1,wint HECHT
118116336,7055,Juneau,99801,15,NADEEN HICKEY
113608825,7038,Columbus,43215,,latish tyree
112452103,7013,Baton,70802,,tiffaney i madrid
112858384,7026,Honolulu,96813,12,KAYRON VALLE
118966762,7040,Augusta,4330,,rakel le
113526762,7046,Boston,2201,,chrissa jeanbaptiste
114556699,7074,Austin,78701,,israel camden rios
111170989,7092,Columbia,29217,,kalandra romano
114958713,7089,Richmond,23219,10,nan pauley
114936893,7032,Nashville,37219,13,nicklous p gonzales
114809862,7091,Providence,2903,13,marisel trotter
110430310,7057,Montpelier,5602,1,MARICELLA DUKE
115420155,7096,Raleigh,27601,,kennth landon
118363578,7040,Augusta,4330,11,RAFFAELE PERALES
113716321,7051,Hartford,6103,,colton atkinson
111923724,7067,Lincoln,68502,,yessenia jakari west
118198339,7037,Lansing,48933,14,kameelah stein
118194297,7065,Springfield,62701,,theadora mcneal
113217074,7012,Trenton,8608,,yael mosley
115042737,7096,Raleigh,27601,,ronesha ferry
116531583,7050,Salem,97301,10,billye kalel harris
111163198,7037,Lansing,48933,1,CASSEY RODNEY LOPEZ
116107172,7050,Salem,97301,,VISA CARDHOLDER
117217059,7026,Honolulu,96813,,dani keefe
110437647,7097,Sacramento,95814,,VALUED CUSTOMER
116575564,7057,Montpelier,5602,,
118305368,7057,Montpelier,5602,,desmund callen whitehead
112325381,7063,Olympia,98507,,branson k solis
117785331,7088,Bismarck,58501,,zachrey still
112221499,7064,Annapolis,21401,,stephene stevenson
119793789,7004,Phoenix,85001,,etty fox
112568432,7041,Helena,59623,7,nichol allred
118657601,7041,Helena,59623,,RUDOLF HOWLAND
111296801,7024,Cheyenne,82001,,CHRISTINNA IRISH
116985066,7049,Tallahassee,32301,8,VALUE LINK CTS
118757147,7062,Santa,87501,,delise monson
117312518,7087,Boise,83702,,GINI D LOTT
110951443,7082,Oklahoma,73102,,che merriman
117906082,7070,Frankfort,40601,,CARALEE CHING
110076006,7070,Frankfort,40601,,CHASE VISA CARDHOLDER
112585356,7041,Helena,59623,1,GENESIS RIVAS
113272183,7013,Baton,70802,10,FARIS BOOTHE
118975993,7046,Boston,2201,,anisah dunning
110116955,7070,Frankfort,40601,,lynne bratton
115360956,7061,St. Anne,55102,,laquanna hartley
110474265,7076,Salt Lake City,84111,15,joellyn steinmetz
118882997,7057,Montpelier,5602,4,TINISHA GRANT FINLEY
118770063,7055,Juneau,99801,6,tremel chris brand
115690108,7057,Montpelier,5602,,DARCUS SILVERMAN
113739908,7061,St. Anne,55102,,stefano beyer
117091329,7045,Indianapolis,46225,12,
114373081,7063,Olympia,98507,,duncan j valentine
118606720,7038,Columbus,43215,,kineta spalding
119061849,7085,Little Rock,72201,,COSTAS GAGNE
114564448,7021,Madison,53703,4,taleisha mendiola
116661210,7026,Honolulu,96813,,yazmin barreto
118680199,7032,Nashville,37219,,rami alford
117297126,7026,Honolulu,96813,,demerius k fellows
112639774,7013,Baton,70802,,demareo dunne
114088006,7065,Springfield,62701,,tiffeney simons
114242877,7063,Olympia,98507,12,JVON EMILIO MATA
115683545,7026,Honolulu,96813,,tillie cheng
110057627,7070,Frankfort,40601,,NIDYA BAIR
113172182,7040,Augusta,4330,,tenecia healy
110744303,7026,Honolulu,96813,2,ambor spruill
114080017,7076,Salt Lake City,84111,,atlas bowden
119732897,7044,Harrisburg,17101,,SHARENE BABCOCK
119939848,7001,Albany,12207,13,lenton winn
116692447,7024,Cheyenne,82001,,bowen kelly
114756012,7057,Montpelier,5602,2,APOSTOLOS JEFFREY ROBISON
111313131,7061,St. Anne,55102,6,ching     gutierrez
112271296,7001,Albany,12207,10,JOHUA AHMIR IBANEZ
116309800,7067,Lincoln,68502,,DISCOVER CARDMEMBER
117189133,7055,Juneau,99801,,basma valdovinos
116664199,7007,Concord,3301,,delane hatfield
119264986,7085,Little Rock,72201,,LAURIE   BURNETTE
111175144,7032,Nashville,37219,,angle hector estrella
114742254,7097,Sacramento,95814,,GIUSEPPINA HORNSBY
112576405,7004,Phoenix,85001,,angeli creighton
112369644,7012,Trenton,8608,,APOLONIO MALCOLM SOTELO
118674396,7063,Olympia,98507,12,stina ybarra
112755084,7058,Pierre,57501,,KATIE riordan
112531518,7015,Des Moines,50309,,kemeshia lopez
116114861,7049,Tallahassee,32301,2,norissa ozzy nielson
116683406,7046,Boston,2201,1,tawnee grande
117965185,7063,Olympia,98507,,CHAUN HARDISON
114706686,7058,Pierre,57501,,ELIZA HEINZ
112172815,7060,Jackson,39205,6,tajuan ford
119832496,7076,Salt Lake City,84111,,shaterra noyes
117958923,7015,Des Moines,50309,,shankar bronson le
116482288,7068,Topeka,66603,,lisandra  christensen
110265479,7061,St. Anne,55102,,suzan holden
110192658,7032,Nashville,37219,,joleta maya
115750227,7028,Montgomery,36104,14,CHASE VISA CARDHOLDER
111335947,7015,Des Moines,50309,,norberto seay
113831283,7080,Denver,80202,7,DUANA   PATEL
117311278,7092,Columbia,29217,5,bubba a schneider
110629730,7065,Springfield,62701,,RODERIC IZAIAH OSWALD
115736785,7062,Santa,87501,,KERA MCCOY MORRISSEY
112185333,7091,Providence,2903,,berenise stidham
114460951,7065,Springfield,62701,,lavone lance giddens
119129684,7001,Albany,12207,,KRISTEL ZAMARRIPA
116703394,7068,Topeka,66603,6,
114817950,7051,Hartford,6103,,AUSTINE ZAYD ALBA
111748994,7064,Annapolis,21401,,DESIREA B BOWLING
114205938,7061,St. Anne,55102,,JASMIN LUKAS MCNEELY
114508422,7001,Albany,12207,,PHALLON COUNTS
117221520,7001,Albany,12207,,tyshema gomes
111034641,7060,Jackson,39205,,DISCOVER CARDMEMBER
117627380,7097,Sacramento,95814,12,hope pollard
112797491,7075,Dover,19901,,ronita ocampo
113016040,7012,Trenton,8608,,kirstine block
118884892,7040,Augusta,4330,,alyssia gunderson
117152136,7062,Santa,87501,4,thornton muhammad osborn
111799837,7057,Montpelier,5602,,ly erick farias
119809264,7083,Atlanta,30303,,VALUE LINK CTS
111145141,7087,Boise,83702,,rambo k lai
115937131,7004,Phoenix,85001,,milo liles
118377528,7067,Lincoln,68502,13,mena doss
116253741,7062,Santa,87501,,charisha wiggins
119592916,7092,Columbia,29217,7,abu maples
119417970,7091,Providence,2903,,moneika vance
113948095,7061,St. Anne,55102,,MICHALE RYLAND DAILY
110767763,7082,Oklahoma,73102,,lamanda cyr
112901013,7045,Indianapolis,46225,,artemio b erb
119634036,7050,Salem,97301,,VALUE LINK CTS
116561717,7097,Sacramento,95814,,LASHANDRA YE
112075071,7076,Salt Lake City,84111,5,tamiko bolin
119107198,7064,Annapolis,21401,3,calder longoria
118204979,7096,Raleigh,27601,,JASSEN PAUL
113938802,7063,Olympia,98507,,lasondra dowling
116139423,7052,Charleston,25301,8,DOMONQUE EVERSON
119463469,7021,Madison,53703,,yaffa dickinson
114609394,7001,Albany,12207,4,yehuda robertson
115540300,7021,Madison,53703,,ECHO MCFALL
115158233,7086,Carson,89701,,claudina r fontaine
119424953,7021,Madison,53703,,reno f cohen
116305595,7091,Providence,2903,,SERRENA KELLEN JOHNSON
110652559,7041,Helena,59623,,renette malcolm gillis
115757280,7061,St. Anne,55102,,CHASE VISA CARDHOLDER
116218647,7001,Albany,12207,,jozef parent
119385105,7092,Columbia,29217,,TYSHELLE LANDERS
112469564,7032,Nashville,37219,,
111527133,7076,Salt Lake City,84111,,bethlehem mazza
118142151,7050,Salem,97301,,gannon spencer
110294756,7026,Honolulu,96813,,JANESE NEVAREZ
117254295,7065,Springfield,62701,14,tore albright
114222534,7078,Jefferson,65101,,gerrit j dinh
112135601,7085,Little Rock,72201,1,livia g arevalo
110740582,7060,Jackson,39205,,kirt samson
110190195,7044,Harrisburg,17101,12,sawyer welborn
117412443,7063,Olympia,98507,,clavin duncan
114861927,7015,Des Moines,50309,,FLORENTINA RODARTE
116278398,7087,Boise,83702,,
118322355,7096,Raleigh,27601,,earnestine perry
115335171,7050,Salem,97301,3,demetrias yeung
113924552,7026,Honolulu,96813,,sambath canfield
116162267,7013,Baton,70802,,sylvie angulo
118391198,7083,Atlanta,30303,9,CHARISA CERVANTES
110492424,7068,Topeka,66603,8,MAEGEN LANDRY
113464409,7040,Augusta,4330,11,
118224317,7058,Pierre,57501,,gillis augustine casanova
116800179,7096,Raleigh,27601,,DONEL STEPHENS
114477286,7062,Santa,87501,5,teng cornett
111955307,7051,Hartford,6103,8,deniesha gomes
110671120,7085,Little Rock,72201,2,
119379883,7028,Montgomery,36104,,markelle weir
112513099,7044,Harrisburg,17101,,mickayla chance miner
119407157,7044,Harrisburg,17101,,elan rice
111139436,7091,Providence,2903,,JOSEANTONIO RONALD ARNDT
115437881,7078,Jefferson,65101,9,doria albert romano
118791676,7049,Tallahassee,32301,,rickelle mccloskey
117692916,7063,Olympia,98507,,teresha   du
117644382,7004,Phoenix,85001,13,JERMAL BARE
118189415,7040,Augusta,4330,,KENITH LEYVA
117222432,7021,Madison,53703,,ILLANA K LE
118365909,7052,Charleston,25301,,ABIGAEL CATHEY
118873712,7082,Oklahoma,73102,,yves m santos
115362136,7012,Trenton,8608,,theodora feldman
112144978,7064,Annapolis,21401,,
118626088,7015,Des Moines,50309,7,
119080073,7046,Boston,2201,11,tejal stubbs
116835508,7032,Nashville,37219,10,DYANE KIMBALL
116299271,7004,Phoenix,85001,,mahmood anders
114177054,7046,Boston,2201,,veroncia weber
116224508,7007,Concord,3301,,nuria manzanares
118111106,7037,Lansing,48933,,NAIOMI SHI
110127094,7087,Boise,83702,3,jamahl speed
117292603,7078,Jefferson,65101,15,ARMANDO BOGAN
110940372,7074,Austin,78701,,saralee   tam
116413911,7074,Austin,78701,14,crysti harvey
111947971,7070,Frankfort,40601,,ashleen rafferty
117076533,7064,Annapolis,21401,,SUAD CROWDER
114722295,7075,Dover,19901,15,tyerra reuter
112549525,7051,Hartford,6103,,megumi harden
117497823,7057,Montpelier,5602,,marica conor cornejo
114694637,7080,Denver,80202,,mandy JACOBS
119753068,7080,Denver,80202,,langston hassan ruff
111032803,7067,Lincoln,68502,,KYMBERLI L CHOW
113948678,7064,Annapolis,21401,11,SHERMEKA RILEY MCNEAL
110818685,7041,Helena,59623,,catoya   blank
119097158,7068,Topeka,66603,11,DARIEN C HANES
110035277,7063,Olympia,98507,,WESSLEY KIMMEL
118806755,7075,Dover,19901,4,JAMAS JARVIS
113125933,7040,Augusta,4330,,SAMYRA MAY
111107806,7013,Baton,70802,,PATRICIE LINK
117241753,7063,Olympia,98507,,dalana hamlin
114123386,7044,Harrisburg,17101,,rayshan moreno
117628065,7051,Hartford,6103,,
112673664,7050,Salem,97301,,KRYSTALYN CAMPBELL
113574146,7076,Salt Lake City,84111,4,remona loya
111268524,7012,Trenton,8608,,ASHRAF   WENDT
114767140,7058,Pierre,57501,7,VISA CARDHOLDER
116230498,7076,Salt Lake City,84111,,makoto vetter
119239010,7058,Pierre,57501,,josel pardo
114473013,7012,Trenton,8608,14,markia card
113644187,7051,Hartford,6103,,denay yoon
112504202,7055,Juneau,99801,,patrick key
119388007,7061,St. Anne,55102,,
114283437,7026,Honolulu,96813,,mikal j wahl
118923807,7083,Atlanta,30303,,raelynn muhammad walls
110140646,7040,Augusta,4330,,shyler pritchard
117866655,7024,Cheyenne,82001,,BRIEN BOYD
114484388,7096,Raleigh,27601,,SEVE CONDON
115069694,7052,Charleston,25301,,chaela brady
115795853,7055,Juneau,99801,,VISA CARDHOLDER
117058055,7021,Madison,53703,,filomena deal
111540694,7040,Augusta,4330,,valentine taylor card
118386576,7038,Columbus,43215,12,VALUED CUSTOMER
114712834,7078,Jefferson,65101,,danella counts
117690586,7088,Bismarck,58501,,
114829772,7057,Montpelier,5602,,sandria galindo
117937203,7026,Honolulu,96813,12,johnphillip casteel
118514181,7085,Little Rock,72201,,forest tomlin
112937655,7083,Atlanta,30303,11,maigen freund
118399658,7074,Austin,78701,,aristotelis koehler
115801240,7097,Sacramento,95814,,yisrael singh
113298570,7045,Indianapolis,46225,,athanasios satterfield
113462306,7062,Santa,87501,,biana dubois
114934331,7061,St. Anne,55102,13,LONETTA ENZO DEXTER
113330517,7080,Denver,80202,,ANNALYNN CURRY
117165606,7065,Springfield,62701,,TYMON ABERNATHY
112380052,7080,Denver,80202,,ROSSY SHAWN ALMARAZ
112733756,7028,Montgomery,36104,7,MYEISHA SPEAR
110307556,7074,Austin,78701,12,BULMARO RYDER DIAMOND
119928272,7070,Frankfort,40601,,percell riddle
115099216,7061,St. Anne,55102,12,nadim a burris
110858857,7037,Lansing,48933,,judie escobar
115777324,7080,Denver,80202,14,ammar harley
117066685,7040,Augusta,4330,,ILKA MEAD
118085373,7091,Providence,2903,,VISA CARDHOLDER
114361645,7044,Harrisburg,17101,,MICKEY V PULLEN
111617169,7091,Providence,2903,13,ambria esparza
110114074,7021,Madison,53703,,shantiel hunter palacio
114663082,7051,Hartford,6103,12,JULIANE RIGGINS
113838251,7068,Topeka,66603,13,edrick bassett
110845302,7044,Harrisburg,17101,,boaz steed
110448957,7050,Salem,97301,,reilly pendleton
112984504,7088,Bismarck,58501,,CONRAD ABRAM WEINBERG
114180140,7076,Salt Lake City,84111,,serena samir southerland
116975322,7041,Helena,59623,,LEGRANDE HAGUE
111268903,7058,Pierre,57501,9,SAN FULLERTON
111843594,7064,Annapolis,21401,,lesli m frias
113800692,7091,Providence,2903,11,monty weeks
110248524,7060,Jackson,39205,,elen sparks
110872185,7012,Trenton,8608,,DISCOVER CARDMEMBER
119743023,7060,Jackson,39205,,kush stewart
112575010,7088,Bismarck,58501,,mikkel lee beck
113762476,7078,Jefferson,65101,5,RAECHEL STUCKEY
111654495,7061,St. Anne,55102,,VICENTA MARION
115452404,7055,Juneau,99801,,AMINDA BALTAZAR
112089281,7088,Bismarck,58501,,perfecto charles banks
114220176,7032,Nashville,37219,,JACKALYN G PIERRE
118445248,7037,Lansing,48933,,shanekia sanabria
114059772,7050,Salem,97301,,demitris willey
116713203,7070,Frankfort,40601,,manish gatewood
116802198,7028,Montgomery,36104,,ngoc osman
118572109,7052,Charleston,25301,,CHASE VISA CARDHOLDER
110839535,7037,Lansing,48933,9,MIRTHA JOLLY
118240946,7091,Providence,2903,,
112582154,7058,Pierre,57501,,CHASE VISA CARDHOLDER
117709229,7074,Austin,78701,,marquell cheatham
116078611,7055,Juneau,99801,3,donte briseno
116586471,7087,Boise,83702,,JAWANNA ESPINOSA
111025035,7041,Helena,59623,6,CHASE VISA CARDHOLDER
117162010,7028,Montgomery,36104,10,SADIYYA WALDEN
113993789,7096,Raleigh,27601,,eliabeth c whyte
112352357,7082,Oklahoma,73102,11,katiejo schwab
110166834,7085,Little Rock,72201,7,gerrad baker carney
117753496,7046,Boston,2201,,jaquita guevara
119254407,7037,Lansing,48933,9,AMISHA SNELL
118815582,7080,Denver,80202,,genell sutherland
115377672,7058,Pierre,57501,,karesha bucher
112032639,7082,Oklahoma,73102,,DISCOVER CARDMEMBER
116002777,7032,Nashville,37219,,sharai teran
112578018,7037,Lansing,48933,,DONALD SEAL
115673955,7037,Lansing,48933,6,STEPHENS DOE
116530110,7063,Olympia,98507,3,shamekia cooley
118306985,7096,Raleigh,27601,,jaquanda clemens
111830887,7080,Denver,80202,,abayomi wickham
112416440,7057,Montpelier,5602,,VALUE LINK CTS
111546584,7078,Jefferson,65101,,BRIAR MANSON
116723710,7065,Springfield,62701,8,sherrita phipps
110339139,7092,Columbia,29217,,laqueisha weidner
114646006,7092,Columbia,29217,8,morad carlos hedrick
113783327,7070,Frankfort,40601,9,latyra hagen
110424626,7055,Juneau,99801,4,amey caldera
116417154,7046,Boston,2201,,yesenia ebert
115259404,7080,Denver,80202,1,LAEL HINTZ
112240219,7075,Dover,19901,,MARGAUX D DECKER
112375423,7080,Denver,80202,,mariadel bryan deaton
116834112,7058,Pierre,57501,,roxana stark
118209357,7080,Denver,80202,,micheline harry
110338002,7091,Providence,2903,2,kenora stroup
117142107,7078,Jefferson,65101,,dace lawler
118498685,7038,Columbus,43215,,RONITA CALLAHAN COBURN
114705212,7086,Carson,89701,4,markeisha oneal
112604584,7041,Helena,59623,,kriselda a chan
111829665,7092,Columbia,29217,,maygen jair chamberlain
118367271,7038,Columbus,43215,,shandrika chestnut
111570188,7064,Annapolis,21401,15,zenobia camarillo
118053485,7050,Salem,97301,13,seqouia farrington
119408475,7060,Jackson,39205,15,VISA CARDHOLDER
116239183,7046,Boston,2201,2,shontae hamblin
116566338,7026,Honolulu,96813,,KARISSA K FREITAS
115043585,7032,Nashville,37219,3,khalilah shiloh raymond
112103416,7004,Phoenix,85001,13,MAYME OVERSTREET
114088335,7061,St. Anne,55102,,kaysee begum
112043696,7096,Raleigh,27601,,JULIETTA KINSEY
118185894,7070,Frankfort,40601,9,marlinda o allard
119032306,7050,Salem,97301,,MELONEE JEFFERSON BYLER
118071260,7012,Trenton,8608,,tashanna dominik wallis
112368972,7064,Annapolis,21401,,KANDY FREEDMAN
112582949,7044,Harrisburg,17101,14,DONNAMARIE GAYTAN
116078342,7086,Carson,89701,,BELAL A GABRIEL
111402410,7040,Augusta,4330,13,kurstin raynor
115948123,7007,Concord,3301,,terrail upshaw
118896678,7013,Baton,70802,,sheddrick parham
116564480,7012,Trenton,8608,12,deneshia j aguiar
111850603,7021,Madison,53703,,sareena guajardo
113529756,7074,Austin,78701,,charisha j basham
112681351,7070,Frankfort,40601,11,TIRA LEVY
112262901,7004,Phoenix,85001,,kawanna dariel kong
110606155,7028,Montgomery,36104,,APOLINAR MCKENNA
116663326,7026,Honolulu,96813,,tyeshia holly
110986842,7028,Montgomery,36104,,sierra giordano
116419797,7040,Augusta,4330,,
119746210,7041,Helena,59623,,MARQUS MAZZA
118275446,7087,Boise,83702,8,
119879225,7013,Baton,70802,,KEONE HOYLE
116157158,7082,Oklahoma,73102,11,NEHEMIAH APPLEGATE
119357868,7058,Pierre,57501,,nicholl     bannister
111765733,7075,Dover,19901,,FLAVIA E JEFFRIES
110257004,7041,Helena,59623,14,KIMBLEY J SEILER
113913228,7076,Salt Lake City,84111,1,THEODORE WHIPPLE
118469035,7076,Salt Lake City,84111,1,ROULA  SWAIN
118456316,7045,Indianapolis,46225,8,syeda dao
112974877,7091,Providence,2903,6,VALUE LINK CTS
119680954,7032,Nashville,37219,,mykisha macleod
119705539,7041,Helena,59623,15,agueda resendiz
116044028,7021,Madison,53703,,IGNACIO K TIPTON
116908585,7087,Boise,83702,13,
116983179,7057,Montpelier,5602,11,daryll i ahmed
116514235,7057,Montpelier,5602,,sharai r ballard
118542747,7041,Helena,59623,,jasdeep tice
118867166,7044,Harrisburg,17101,,ELIANE HASAN
114166350,7041,Helena,59623,,malorie carter
114068206,7024,Cheyenne,82001,,JANNET   WHITTAKER
111402410,7040,Augusta,4330,13,kurstin raynor
119850129,7074,Austin,78701,3,jorda spooner
118250693,7040,Augusta,4330,,marquell w arsenault
114661180,7051,Hartford,6103,,britainy hunt
113444916,7078,Jefferson,65101,,anita vest
119269513,7028,Montgomery,36104,,nazario a deyoung
111227974,7040,Augusta,4330,9,holland rowan leone
110715622,7083,Atlanta,30303,13,jarom rodas
111260417,7082,Oklahoma,73102,,KALINDA HAGGARD
115314943,7049,Tallahassee,32301,,VISA CARDHOLDER
116214888,7040,Augusta,4330,,javaughn a kerr
112432360,7065,Springfield,62701,,VALUED CUSTOMER
110185407,7075,Dover,19901,4,tres pence
114145803,7075,Dover,19901,,SHANNELL C BEATTY
116326816,7013,Baton,70802,12,JAMEICA A LUTTRELL
117830734,7021,Madison,53703,10,theressa hales
110003392,7091,Providence,2903,,KEYANNA MEEKER
110278121,7074,Austin,78701,8,coty dailey
113209293,7086,Carson,89701,13,fue y snodgrass
118011056,7026,Honolulu,96813,,newton t lemaster
112242530,7096,Raleigh,27601,,kristopher sammons
115255645,7074,Austin,78701,,BENEDICT HUBERT
117721959,7049,Tallahassee,32301,,cherina z leger
112216741,7078,Jefferson,65101,2,yee upton
117652513,7086,Carson,89701,,  gwendalyn bryan albrecht  
119446031,7052,Charleston,25301,5,lysandra mertz
110576414,7070,Frankfort,40601,,calysta farmer
118926466,7088,Bismarck,58501,,raquelle seven ledezma
117344611,7075,Dover,19901,10,tylynn gilson
112532267,7007,Concord,3301,5,thimothy james
110577762,7088,Bismarck,58501,,zandrea drayton
112053189,7068,Topeka,66603,12,
114679762,7087,Boise,83702,2,humphrey card
116694663,7015,Des Moines,50309,4,PARRY LUCCA BARNARD
119872487,7051,Hartford,6103,,shatia gray
116667248,7060,Jackson,39205,14,LYNITA ALANIZ
119363333,7040,Augusta,4330,,philip LARKIN
115510567,7057,Montpelier,5602,11,sharlena napolitano
114808624,7063,Olympia,98507,,MAYER WINN
117929313,7037,Lansing,48933,15,abel shaffer
118463679,7040,Augusta,4330,9,tierica turner ong
118077443,7062,Santa,87501,,JONITA MCCAULEY
115982010,7013,Baton,70802,5,DUSTY LUCKETT
113633408,7076,Salt Lake City,84111,13,nada goldstein
117105347,7070,Frankfort,40601,,chong hough
114980169,7046,Boston,2201,,marti choate
111838355,7083,Atlanta,30303,9,allon boswell
119608666,7091,Providence,2903,,CATINA SOUTH
119638917,7076,Salt Lake City,84111,,atasha legg
118046727,7097,Sacramento,95814,13,VISA CARDHOLDER
116202318,7032,Nashville,37219,,SHANQUITA ASH
112474208,7061,St. Anne,55102,8,shawnelle linton
116318404,7086,Carson,89701,,brooke cranford
118999842,7080,Denver,80202,,jaselyn h ornelas
119723799,7045,Indianapolis,46225,,ruth coble
112587242,7041,Helena,59623,8,bruna a hook
116703394,7068,Topeka,66603,6,
115877028,7087,Boise,83702,,kinsey westbrook
113569187,7097,Sacramento,95814,,ladanna beatty
116291667,7078,Jefferson,65101,10,DELAINA C SUMMERS
111877992,7085,Little Rock,72201,,natasia krebs
116372795,7063,Olympia,98507,,katalin tellez
114299107,7082,Oklahoma,73102,8,OMAR C FORT
112278652,7087,Boise,83702,13,cena glaser
117297926,7049,Tallahassee,32301,4,ISSAAC PACKER
117499639,7062,Santa,87501,11,neida sweat
115039353,7049,Tallahassee,32301,14,erina brockman
118662018,7065,Springfield,62701,,jarvis marquez
115947390,7076,Salt Lake City,84111,,detrice yates
115279516,7091,Providence,2903,8,jillene pendergrass
111350915,7060,Jackson,39205,9,laith boudreaux
111955811,7015,Des Moines,50309,13,michala jimmy forrest
119646007,7063,Olympia,98507,14,jomo asbury
110602263,7062,Santa,87501,,arman jay gorman
114299287,7092,Columbia,29217,,
113631993,7078,Jefferson,65101,,elton chavarria
118689821,7088,Bismarck,58501,5,chadae pelletier
113135243,7078,Jefferson,65101,14,KORI HARLOW
110335797,7007,Concord,3301,10,trammell fletcher
114441033,7097,Sacramento,95814,,emiliano rosado
110120846,7007,Concord,3301,,aniello   royal
119301325,7074,Austin,78701,,colter sarabia
114204685,7057,Montpelier,5602,,dray hills
110179339,7080,Denver,80202,,antony dvorak
115643633,7038,Columbus,43215,,cristo zaire robinette
119428191,7041,Helena,59623,,hung howard rains
117503063,7021,Madison,53703,,KRYSTN ASHCRAFT
119390603,7037,Lansing,48933,,ROSWELL CORRAL
112807581,7070,Frankfort,40601,3,jamill dominik gillespie
114454809,7055,Juneau,99801,,
112100344,7026,Honolulu,96813,,raneisha castro
118270222,7092,Columbia,29217,,kachina acosta
115215098,7082,Oklahoma,73102,,andrei neuman
114423885,7096,Raleigh,27601,8,diandrea k neely
118850608,7057,Montpelier,5602,9,samirah aquino
119759587,7088,Bismarck,58501,,ollie javier nemeth
114371866,7089,Richmond,23219,,naiya stephen biddle
110504005,7063,Olympia,98507,,jaycob saint gingerich
112485547,7060,Jackson,39205,5,JESSYKA RUCKER
119849324,7026,Honolulu,96813,,BRITNE WEILER
117912559,7062,Santa,87501,,risa neuman
111984566,7063,Olympia,98507,,carmin santana pitman
113307891,7007,Concord,3301,10,YOLAND EMORY GAMBLE
116278786,7041,Helena,59623,,jeremian m villatoro
110030392,7007,Concord,3301,,
110352692,7082,Oklahoma,73102,,brittnei armani dagostino
113392560,7058,Pierre,57501,,tyasia pinto
114829889,7096,Raleigh,27601,,calie adam
111489177,7058,Pierre,57501,,joaquim romeo sotelo
110791740,7075,Dover,19901,,keller hollins
112555236,7028,Montgomery,36104,2,lander jack cavazos
116403522,7076,Salt Lake City,84111,,marlea sperry
113446601,7062,Santa,87501,,flavia gomez
114629053,7057,Montpelier,5602,13,ronel ryder
115231758,7040,Augusta,4330,8,
113437938,7024,Cheyenne,82001,,golden rene villarreal
118019207,7092,Columbia,29217,2,lanaya mccabe
112700360,7004,Phoenix,85001,11,VISA CARDHOLDER
111716903,7037,Lansing,48933,, kyron bounds 
115732506,7088,Bismarck,58501,,rashawna casto
110564387,7074,Austin,78701,13,distin bianco
119564202,7001,Albany,12207,4,hughes rafael krieger
113226212,7021,Madison,53703,9,sarahelizabeth purdy
110157403,7065,Springfield,62701,,JIBRIL JOHAN DAVILA
117623007,7083,Atlanta,30303,,madaline upton
115932006,7067,Lincoln,68502,,roxy blackwood
116472150,7040,Augusta,4330,,timekia rand
110698708,7052,Charleston,25301,2,AIYANA WAY
119829833,7049,Tallahassee,32301,,LINZY FOSTER
114785203,7068,Topeka,66603,,shakina b dow
111213887,7057,Montpelier,5602,,ryle poirier
111386460,7065,Springfield,62701,4,jerid loya
118584404,7024,Cheyenne,82001,,SKIP VINSON
112322986,7088,Bismarck,58501,11,teague byrnes
112726508,7080,Denver,80202,13,EVETTA BRENNAN
112445674,7051,Hartford,6103,,loriana murray
117738518,7076,Salt Lake City,84111,,seferino evans
111156577,7012,Trenton,8608,1,VALUE LINK CTS
111337564,7015,Des Moines,50309,10,delton gerber
110120587,7078,Jefferson,65101,,VISA CARDHOLDER
117919599,7086,Carson,89701,10,cyndy kline
112340557,7097,Sacramento,95814,,mathew walters
114398117,7065,Springfield,62701,11,TIRRELL GABRIEL ZIELINSKI
115890016,7046,Boston,2201,,aziz lombardi
113314951,7061,St. Anne,55102,15,tamaira a marroquin
119200167,7057,Montpelier,5602,,KIMBERY QUEEN
114622721,7085,Little Rock,72201,9,shakila veal
110196073,7078,Jefferson,65101,,vinton karr
111273369,7063,Olympia,98507,,carmelle flynn
112303468,7061,St. Anne,55102,,mitul bagwell
114742650,7057,Montpelier,5602,,dionte schell
110158278,7015,Des Moines,50309,,THI BIRCH
117989464,7063,Olympia,98507,,antonine webber
112730869,7055,Juneau,99801,,kamisha sharpe
111146932,7007,Concord,3301,,MARLEIGH KRUSE
116834434,7045,Indianapolis,46225,,dalisha fernando almonte
110875360,7087,Boise,83702,,hether clifford
111970947,7064,Annapolis,21401,15,ISAIAS FELIPE MONAHAN
114206451,7086,Carson,89701,13,guenevere aviles
119945155,7061,St. Anne,55102,,tonie horton
118917400,7013,Baton,70802,,armin stetson broderick
117137597,7086,Carson,89701,,arno s brittain
115635964,7038,Columbus,43215,,malarie noel haas
111185476,7065,Springfield,62701,,torrell oneal
118388031,7088,Bismarck,58501,,dyshawn syed
112219957,7070,Frankfort,40601,15,KASSEY HALSEY
110191287,7064,Annapolis,21401,,GRAHAM ROCKY WILCOX
114564448,7021,Madison,53703,4,taleisha mendiola
114885937,7004,Phoenix,85001,,courtni saxon
119563850,7074,Austin,78701,13,vanesa lew
119406824,7089,Richmond,23219,,
111800610,7044,Harrisburg,17101,,
111008674,7082,Oklahoma,73102,1,geofrey randle
116241757,7041,Helena,59623,3,DISCOVER CARDMEMBER
119504744,7055,Juneau,99801,,denys a pickett
117484564,7087,Boise,83702,,SPENCER WADDELL
114074764,7080,Denver,80202,,LENNON LANE
119862855,7087,Boise,83702,,charice lowman
118147581,7083,Atlanta,30303,,CHRISTMAS MARLOW
110069139,7055,Juneau,99801,8,catelyn southern
110708916,7028,Montgomery,36104,15,TAMIYA NGO
118212820,7067,Lincoln,68502,,aide tony kinsey
117039427,7060,Jackson,39205,12,curtiss hershberger
110778011,7045,Indianapolis,46225,10,KENJA BRADSHAW
112843280,7092,Columbia,29217,,jajuan hutto
118799256,7075,Dover,19901,4,sharah lomax
119808017,7024,Cheyenne,82001,,dariana hung
117536201,7068,Topeka,66603,4,shareka c osorio
114116942,7004,Phoenix,85001,,tu porter beasley
112447649,7096,Raleigh,27601,,taniya jakari schroeder
111419858,7060,Jackson,39205,3,rosangela bass
113032311,7082,Oklahoma,73102,,EDER APARICIO
110712036,7045,Indianapolis,46225,5,lynise eck
117748888,7082,Oklahoma,73102,,nicholl ha
119803019,7085,Little Rock,72201,,HOSANNA LANDRUM
111394795,7038,Columbus,43215,,JERICHO MAGNUSON
119327147,7024,Cheyenne,82001,8,emilyn c huerta
113801859,7024,Cheyenne,82001,,terin toomey
118501079,7038,Columbus,43215,,kason keim
118143033,7089,Richmond,23219,,SHERI MENESES
110787074,7057,Montpelier,5602,,RUSH C STORM
112043867,7078,Jefferson,65101,2,luzmaria quiroz
115372565,7092,Columbia,29217,,tashira mateo melendez
119495608,7007,Concord,3301,14,JERRED BAKER STARK
115995051,7061,St. Anne,55102,10,kera linton
115771894,7032,Nashville,37219,5,ANNALYNN G DUNAWAY
114274312,7089,Richmond,23219,,
110439155,7074,Austin,78701,,maigen fortier
119208520,7038,Columbus,43215,,jarris crosby abbott
119091765,7049,Tallahassee,32301,,VALUE LINK CTS
116842334,7045,Indianapolis,46225,,sheila warfield
114400671,7015,Des Moines,50309,,BRENNEN T SANBORN
118963566,7086,Carson,89701,,anna frick
117623404,7037,Lansing,48933,5,tyshema crespo
118342530,7088,Bismarck,58501,5,elisha mcclendon
116908585,7087,Boise,83702,13,
119473233,7083,Atlanta,30303,,VISA CARDHOLDER
111713364,7075,Dover,19901,,dallon patterson
112558922,7060,Jackson,39205,,jarrin seth montano
117091713,7004,Phoenix,85001,,THEADORE HALLMAN
112837475,7049,Tallahassee,32301,,meryl mcleod
119718274,7007,Concord,3301,,apphia asher sam
115813078,7074,Austin,78701,8,jonothan stovall
115880744,7028,Montgomery,36104,6,abby ulises dutton
110459855,7050,Salem,97301,,takahiro l franks
113723426,7070,Frankfort,40601,,didi delgado
115294489,7004,Phoenix,85001,,glennis benedict
113527305,7065,Springfield,62701,,GEROLD E SELLS
119257259,7037,Lansing,48933,9,
113127330,7024,Cheyenne,82001,7,KEATH VALERIO
117207888,7032,Nashville,37219,,yaffa sturdivant
112825109,7046,Boston,2201,15,giorgio broyles
118449666,7086,Carson,89701,,albin moody
114030154,7038,Columbus,43215,14,chemise franco stine
114194335,7028,Montgomery,36104,,JULUIS G JESTER
113067337,7044,Harrisburg,17101,,feather lackey
116580375,7013,Baton,70802,,MARLAND   LOOMIS
117198949,7013,Baton,70802,,AMETHYST T MANGUM
119705539,7041,Helena,59623,15,agueda resendiz
113465557,7050,Salem,97301,,jerame maynard
118614377,7012,Trenton,8608,,KORAN LAFLEUR
116319085,7063,Olympia,98507,2,CHASE VISA CARDHOLDER
117489698,7044,Harrisburg,17101,1,calogero grossman
115656660,7032,Nashville,37219,14,danessa jay wiseman
112521944,7037,Lansing,48933,,dominica colton alicea
115954907,7041,Helena,59623,,VANESS SHERMAN
116692155,7055,Juneau,99801,,ricardo gianni oaks
111596570,7021,Madison,53703,,danaya grier
112352357,7082,Oklahoma,73102,11,katiejo schwab
118488461,7065,Springfield,62701,,JANNE PUGH
119789623,7032,Nashville,37219,14,CHERELL VALLE
115422497,7080,Denver,80202,,aiden rose
110029940,7060,Jackson,39205,,KAE CARTAGENA
117162010,7028,Montgomery,36104,10,SADIYYA WALDEN
115240372,7051,Hartford,6103,,calli lawton
114380931,7037,Lansing,48933,,tyana schaffer
118944583,7083,Atlanta,30303,10,TERRICKA LOYAL VILLAREAL
112836993,7061,St. Anne,55102,9,martell saucedo
115053225,7045,Indianapolis,46225,,hart liang
115665930,7041,Helena,59623,,stephonie mast
116172474,7067,Lincoln,68502,15,DEDRICK BATEMAN
110075290,7088,Bismarck,58501,,paul dong
112857418,7038,Columbus,43215,10,sampson  salgado
114280576,7050,Salem,97301,,mariadelaluz matlock
114654472,7046,Boston,2201,7,jacqlyn lazo
113323685,7050,Salem,97301,6,KAYLEE PARKER FLINT
115720061,7044,Harrisburg,17101,6,tyrin beauchamp
116608795,7028,Montgomery,36104,,allisha stock
116699435,7040,Augusta,4330,4,TRAYVON KASPER
110307187,7074,Austin,78701,,caralynn park
117822734,7089,Richmond,23219,6, quenna olivarez 
114378362,7032,Nashville,37219,2,ej batista
111024509,7097,Sacramento,95814,5,VISA CARDHOLDER
114563085,7061,St. Anne,55102,,VERNARD MASTERS
117651009,7057,Montpelier,5602,,CHANCEY IZAIAH HAYWARD
111826392,7028,Montgomery,36104,,sharicka r ricketts
113448009,7061,St. Anne,55102,13,bobby thames
110670889,7092,Columbia,29217,,kylon juan lassiter
117694670,7064,Annapolis,21401,,kedrick logue
118256009,7062,Santa,87501,15,cayley blake
116391494,7080,Denver,80202,,rockie getz
111519899,7061,St. Anne,55102,,latrece trice
111880570,7078,Jefferson,65101,,COLEY CESAR SAUNDERS
118614742,7058,Pierre,57501,1,terena timmons
115948123,7007,Concord,3301,,terrail upshaw
116630524,7044,Harrisburg,17101,,SUTTON MALAKAI REYNA
113221451,7065,Springfield,62701,,ernst wetzel
111761583,7001,Albany,12207,,jamy valdivia
117739750,7024,Cheyenne,82001,,BRESHA COSGROVE
113327457,7058,Pierre,57501,,maliha schaefer
111396061,7041,Helena,59623,,natalye g pryor
118631087,7061,St. Anne,55102,8,ANUPAMA ELLIOT
113247527,7044,Harrisburg,17101,,LEVITICUS MCCRARY
110252597,7087,Boise,83702,,waldo hurt
113976967,7064,Annapolis,21401,,lyonel b jay
114053138,7007,Concord,3301,,VALUED CUSTOMER
113469523,7040,Augusta,4330,2,
117456423,7026,Honolulu,96813,,TIVON J FRANKS
119768055,7092,Columbia,29217,,kaisa     hecht
115209620,7044,Harrisburg,17101,,CANDY macleod
111046046,7061,St. Anne,55102,13,YULANDA STERLING DELGADILLO
118342052,7067,Lincoln,68502,,JOZEF HYMAN
111940127,7085,Little Rock,72201,,WREN JUSTIN SUMMERS
119573209,7057,Montpelier,5602,8,DISCOVER CARDMEMBER
112933464,7082,Oklahoma,73102,,laycee poindexter
119563389,7076,Salt Lake City,84111,9,ANNABELLE WHITEMAN
118924992,7013,Baton,70802,,TRACI HOYLE
116210406,7070,Frankfort,40601,,SAMEUL COFFMAN
110375313,7063,Olympia,98507,,maili milton
118950296,7075,Dover,19901,,uriel card
111332065,7001,Albany,12207,,octavia herzog
114705212,7086,Carson,89701,4,markeisha oneal
112842589,7050,Salem,97301,3,
113056637,7089,Richmond,23219,,ashleigh ramon helm
118052945,7096,Raleigh,27601,12,reynold pablo treadway
115925711,7055,Juneau,99801,4,VALUED CUSTOMER
111388185,7041,Helena,59623,,doanld samson
119645116,7088,Bismarck,58501,,lesleigh hart
114423403,7075,Dover,19901,,jerae sample
110545870,7051,Hartford,6103,2,ADAMA HER
116373379,7015,Des Moines,50309,10,analisa gallo
112768826,7087,Boise,83702,,natavia dasilva
112209112,7064,Annapolis,21401,8,camaron butterfield
116452571,7087,Boise,83702,,ashante mcleod
114906431,7076,Salt Lake City,84111,,AUREA ELLISON
117644382,7004,Phoenix,85001,13,JERMAL BARE
110452165,7078,Jefferson,65101,,oracio nugent
110028679,7096,Raleigh,27601,,DISCOVER CARDMEMBER
118759434,7065,Springfield,62701,,YVETT CLEMMONS
113345533,7038,Columbus,43215,,TASHANNA J LEVESQUE
119931335,7076,Salt Lake City,84111,,ABIGAL MATEO STEED
